"","Feature","Gain","Cover","Frequency","Importance"
"1","great",0.0743678777478176,0.0208797802282035,0.0262282970077577,0.0743678777478176
"2","delicious",0.0719280418422455,0.0159087420411858,0.0210565201329885,0.0719280418422455
"3","not",0.0663589447380727,0.01897719097123,0.0132988548208349,0.0663589447380727
"4","worst",0.0450907438564265,0.0128116480323065,0.00591060214259328,0.0450907438564265
"5","best",0.0424111928714132,0.0144704810725035,0.0110823790173624,0.0424111928714132
"6","rude",0.0369088256369057,0.0110850497709486,0.00517177687476912,0.0369088256369057
"7","amazing",0.0355670306232475,0.012956313127151,0.00886590321388992,0.0355670306232475
"8","no",0.0349029070392949,0.00680372749425162,0.0055411895086812,0.0349029070392949
"9","terrible",0.0320322064397275,0.0116582988616039,0.00480236424085704,0.0320322064397275
"10","told",0.0299403094609547,0.00441094498178928,0.00517177687476912,0.0299403094609547
"11","was",0.0224502069112594,0.00836863247698614,0.0147765053564832,0.0224502069112594
"12","minutes",0.0224014176410182,0.00748942217166832,0.00480236424085704,0.0224014176410182
"13","horrible",0.022305048888519,0.0112095590564222,0.00332471370520872,0.022305048888519
"14","called",0.0221761230928458,0.00439262603189304,0.00258588843738456,0.0221761230928458
"15","excellent",0.018527614096475,0.0123690145437569,0.00443295160694496,0.018527614096475
"16","perfect",0.0165422174162376,0.0095037123426432,0.00406353897303288,0.0165422174162376
"17","favorite",0.014048430639134,0.011775857867984,0.00406353897303288,0.014048430639134
"18","friendly",0.0131573176811855,0.0106396361707616,0.00406353897303288,0.0131573176811855
"19","love",0.0113088429975411,0.0111003900298048,0.00443295160694496,0.0113088429975411
"20","good",0.011121915957401,0.00719820547765396,0.0151459179903953,0.011121915957401
"21","awesome",0.0107117386116347,0.0134407475799625,0.00517177687476912,0.0107117386116347
"22","but",0.0104301076006288,0.00619210293403053,0.0199482822312523,0.0104301076006288
"23","awful",0.0101541515507963,0.0111302762299065,0.00258588843738456,0.0101541515507963
"24","definitely",0.00966689923254486,0.00695971161504827,0.0073882526782416,0.00966689923254486
"25","asked",0.0092050027605391,0.0032880281045457,0.00295530107129664,0.0092050027605391
"26","money",0.00919315434998659,0.00596482880767565,0.0018470631695604,0.00919315434998659
"27","manager",0.00910334186258374,0.00692947790099188,0.0036941263391208,0.00910334186258374
"28","fresh",0.00842542527302814,0.0084524826297632,0.00443295160694496,0.00842542527302814
"29","poor",0.00825974224028296,0.00932811850583297,0.00221647580347248,0.00825974224028296
"30","said",0.00753919138673576,0.00340618284913387,0.0018470631695604,0.00753919138673576
"31","mediocre",0.00687556516567637,0.00960548428651116,0.00443295160694496,0.00687556516567637
"32","cold",0.00670576650309858,0.00833080310077766,0.0018470631695604,0.00670576650309858
"33","bland",0.00644921562709665,0.0121855271756905,0.00332471370520872,0.00644921562709665
"34","fantastic",0.00624556176252828,0.0120718404676624,0.00258588843738456,0.00624556176252828
"35","ordered",0.00547891938583164,0.00325426960609194,0.00295530107129664,0.00547891938583164
"36","never",0.00547105971120259,0.0067627704924511,0.00295530107129664,0.00547105971120259
"37","ok",0.00540053752409756,0.0101616555485369,0.00480236424085704,0.00540053752409756
"38","bad",0.00530511196633189,0.00652765247969079,0.00480236424085704,0.00530511196633189
"39","the",0.00526668431591642,0.00300693896006747,0.0206871074990765,0.00526668431591642
"40","burnt",0.00480411802622351,0.0116245403631501,0.00332471370520872,0.00480411802622351
"41","and",0.00479505726313988,0.00730732485942068,0.0243812338381973,0.00479505726313988
"42","is",0.00438296911569394,0.00170510204101896,0.013668267454747,0.00438296911569394
"43","disgusting",0.00429023510252174,0.00985236812887962,0.00258588843738456,0.00429023510252174
"44","a",0.0041598148439065,0.00187389453328777,0.0446989287033617,0.0041598148439065
"45","disappointing",0.00405571713068172,0.00980287221276433,0.0036941263391208,0.00405571713068172
"46","crust",0.00391635748804406,0.000776445464436514,0.0018470631695604,0.00391635748804406
"47","average",0.00374707627462559,0.00781558884055246,0.00295530107129664,0.00374707627462559
"48","always",0.00363097801841491,0.00655396425054445,0.00258588843738456,0.00363097801841491
"49","won't",0.00360741093366026,0.00811787633626562,0.00258588843738456,0.00360741093366026
"50","wonderful",0.00347784375279126,0.0107474151415603,0.00221647580347248,0.00347784375279126
"51","again",0.0034518795334063,0.00123804328594104,0.00147765053564832,0.0034518795334063
"52","you",0.00336627429747032,0.00104452765803991,0.00664942741041744,0.00336627429747032
"53","overpriced",0.003253610629635,0.00945481216473591,0.00147765053564832,0.003253610629635
"54","waited",0.0031449617197424,0.00604862931560205,0.00110823790173624,0.0031449617197424
"55","hour",0.00312934303366118,0.00655177987711509,0.00258588843738456,0.00312934303366118
"56","don't",0.00285816420593352,0.00620510988490536,0.00258588843738456,0.00285816420593352
"57","dirty",0.0027700879359788,0.00965637025844514,0.00147765053564832,0.0027700879359788
"58","didn't",0.00268044995347666,0.00666824669678057,0.00221647580347248,0.00268044995347666
"59","worse",0.00266829191082809,0.00646951835955938,0.00110823790173624,0.00266829191082809
"60","loved",0.00261632169565789,0.0100602807634743,0.00258588843738456,0.00261632169565789
"61","nice",0.00258447807093753,0.00485799686204828,0.00443295160694496,0.00258447807093753
"62","at",0.00254987271140291,0.00391196458773228,0.0073882526782416,0.00254987271140291
"63","waste",0.00250499288295259,0.00635846282861664,0.00221647580347248,0.00250499288295259
"64","highly",0.00247102708772694,0.00946141492987466,0.00110823790173624,0.00247102708772694
"65","soggy",0.00239110444259343,0.00680596151253165,0.00332471370520872,0.00239110444259343
"66","frozen",0.00225588758982473,0.00845660315236858,0.0018470631695604,0.00225588758982473
"67","nothing",0.00213640200416224,0.00762599515585405,0.00332471370520872,0.00213640200416224
"68","pizza",0.00206605674719931,0.00716578739016821,0.00628001477650536,0.00206605674719931
"69","gross",0.00203379343756899,0.00521851776759419,0.00110823790173624,0.00203379343756899
"70","happy",0.00189565452404851,0.0035298481721461,0.0018470631695604,0.00189565452404851
"71","barely",0.00187561229418351,0.00577449045021724,0.00221647580347248,0.00187561229418351
"72","over",0.00184554739416909,0.00610125285730938,0.00258588843738456,0.00184554739416909
"73","used",0.00182074479267458,0.00446749046669933,0.00517177687476912,0.00182074479267458
"74","slow",0.00178160013287523,0.00842130566354414,0.00147765053564832,0.00178160013287523
"75","tasteless",0.00170875442381049,0.00569813666989093,0.00221647580347248,0.00170875442381049
"76","incredible",0.00166346296888605,0.00688246422740996,0.00147765053564832,0.00166346296888605
"77","shame",0.0016493594567424,0.00838695142688237,0.0018470631695604,0.0016493594567424
"78","order",0.00162181628807669,0.0024810510569488,0.0018470631695604,0.00162181628807669
"79","undercooked",0.00154956150019173,0.00664670083159096,0.0018470631695604,0.00154956150019173
"80","however",0.00147138600583093,0.00449052567740895,0.00406353897303288,0.00147138600583093
"81","tasty",0.00146899000792924,0.00658802061810222,0.00332471370520872,0.00146899000792924
"82","unfortunately",0.00145163626360502,0.00638745542140634,0.00332471370520872,0.00145163626360502
"83","wasn't",0.00140791542824616,0.00332382204187682,0.0036941263391208,0.00140791542824616
"84","thank",0.00140612990162014,0.00999430275693742,0.0018470631695604,0.00140612990162014
"85","then",0.00136919787339002,0.00552030881480068,0.00147765053564832,0.00136919787339002
"86","to",0.00132344303109414,0.000675070679373895,0.00775766531215368,0.00132344303109414
"87","hours",0.00130399427496331,0.00397163769823437,0.00147765053564832,0.00130399427496331
"88","in",0.00127905344084593,0.00373781045159141,0.00517177687476912,0.00127905344084593
"89","sad",0.00126015048375206,0.0069806120971792,0.00221647580347248,0.00126015048375206
"90","dry",0.00122215417017341,0.00681976278101716,0.00221647580347248,0.00122215417017341
"91","pittsburgh",0.00120147197062367,0.00489612410736076,0.00221647580347248,0.00120147197062367
"92","they",0.00119980485667306,0.00570488836958169,0.00664942741041744,0.00119980485667306
"93","everything",0.00119054609712329,0.00482130931740515,0.00258588843738456,0.00119054609712329
"94","perfection",0.0011710640211089,0.00649717054138107,0.0018470631695604,0.0011710640211089
"95","customer",0.00108754116388112,0.00339704819661108,0.00221647580347248,0.00108754116388112
"96","tasted",0.00107553676466647,0.00666576445424721,0.00147765053564832,0.00107553676466647
"97","little",0.0010490273738157,0.000269422604571417,0.00443295160694496,0.0010490273738157
"98","zero",0.00104778397671725,0.00514633415472394,0.00110823790173624,0.00104778397671725
"99","avoid",0.00103936274964396,0.00730717592486867,0.00110823790173624,0.00103936274964396
"100","disappointment",0.000980120724962232,0.0066571262502311,0.00073882526782416,0.000980120724962232
"101","disappoint",0.000967382013841544,0.00667936714333005,0.00110823790173624,0.000967382013841544
"102","outstanding",0.000966238970702094,0.00634138499998709,0.00073882526782416,0.000966238970702094
"103","sucks",0.000927371965478327,0.0062996336805759,0.00110823790173624,0.000927371965478327
"104","perfectly",0.00089552862386804,0.00339540991653906,0.00110823790173624,0.00089552862386804
"105","sorry",0.000849473857808658,0.00369357688964684,0.00073882526782416,0.000849473857808658
"106","for",0.000845661103645939,0.00032040786620673,0.00849649057997784,0.000845661103645939
"107","okay",0.000809621575640266,0.00396538244705029,0.0018470631695604,0.000809621575640266
"108","try",0.000797529415687262,0.00661656640723592,0.00110823790173624,0.000797529415687262
"109","disappointed",0.000790023145360531,0.00302888198406241,0.00332471370520872,0.000790023145360531
"110","inedible",0.000787125843796162,0.00657069456521933,0.00073882526782416,0.000787125843796162
"111","phone",0.000777977057558535,0.00325000014893455,0.00110823790173624,0.000777977057558535
"112","glad",0.000764800571596981,0.00634982462460053,0.0018470631695604,0.000764800571596981
"113","phenomenal",0.000756512514527904,0.00648044022670619,0.00073882526782416,0.000756512514527904
"114","flavorless",0.000753331261100947,0.00529487154792049,0.00110823790173624,0.000753331261100947
"115","enjoyed",0.0007511211028263,0.003547769963237,0.00221647580347248,0.0007511211028263
"116","i",0.000750280927758334,0.00028019553716622,0.00997414111562616,0.000750280927758334
"117","like",0.000710181262740962,0.0020974452958426,0.00332471370520872,0.000710181262740962
"118","with",0.000698882299397268,0.000293649291697058,0.00480236424085704,0.000698882299397268
"119","back",0.000676880364129002,0.000447597973616343,0.00258588843738456,0.000676880364129002
"120","it",0.000674412792358374,0.000542667862644216,0.00517177687476912,0.000674412792358374
"121","guess",0.000664473626948422,0.00628836429947442,0.00073882526782416,0.000664473626948422
"122","gem",0.000657355672455862,0.00327065240681215,0.00036941263391208,0.000657355672455862
"123","give",0.000648390121185416,0.00288933030883664,0.00110823790173624,0.000648390121185416
"124","pie",0.000644728684767987,0.00318883769291244,0.0018470631695604,0.000644728684767987
"125","left",0.000638256037584302,0.00373815796554608,0.00147765053564832,0.000638256037584302
"126","management",0.00063162491037184,0.00269775083011155,0.00110823790173624,0.00063162491037184
"127","raw",0.000616887866661591,0.0037555833081303,0.00110823790173624,0.000616887866661591
"128","cleveland",0.000615271001325669,0.00318422072180038,0.00147765053564832,0.000615271001325669
"129","better",0.000588447835743982,0.00196380135784624,0.00110823790173624,0.000588447835743982
"130","waiting",0.00055416462829512,0.00323490811433169,0.00073882526782416,0.00055416462829512
"131","business",0.000547306249345154,0.0013455740324864,0.00147765053564832,0.000547306249345154
"132","paid",0.000514625253217339,0.00354206080541026,0.00073882526782416,0.000514625253217339
"133","charged",0.000513293948569306,0.00311690230429553,0.00036941263391208,0.000513293948569306
"134","downhill",0.000509003657409417,0.00352880563028209,0.00147765053564832,0.000509003657409417
"135","nasty",0.00049816274254227,0.00340434598965918,0.00073882526782416,0.00049816274254227
"136","my",0.000497836939544026,8.96089554544698e-05,0.0055411895086812,0.000497836939544026
"137","recommended",0.000489458900329706,5.93255965474191e-05,0.00073882526782416,0.000489458900329706
"138","also",0.000483355613874585,0.00157071343026259,0.00960472848171407,0.000483355613874585
"139","ridiculous",0.000460288909556199,0.00310320032551136,0.00036941263391208,0.000460288909556199
"140","elsewhere",0.000460212069328493,0.00329120537498841,0.00036941263391208,0.000460212069328493
"141","die",0.000446734330370973,0.00326385106227073,0.00036941263391208,0.000446734330370973
"142","garbage",0.000445099625441742,0.00302893162891308,0.00036941263391208,0.000445099625441742
"143","overcooked",0.000442778464634183,0.00349916765443371,0.00110823790173624,0.000442778464634183
"144","service",0.000431349245439417,0.000189643329549072,0.00591060214259328,0.000431349245439417
"145","lost",0.000424417255420087,0.00330326907370056,0.00147765053564832,0.000424417255420087
"146","stop",0.000396272768203822,0.00337912640552019,0.00073882526782416,0.000396272768203822
"147","refused",0.00039419868517935,0.00314971755058661,0.00036941263391208,0.00039419868517935
"148","recommend",0.000393704560615223,0.000347116795865736,0.00110823790173624,0.000393704560615223
"149","mess",0.000391117893274333,0.00339501275773372,0.00073882526782416,0.000391117893274333
"150","had",0.000389303498981404,0.000236706647981669,0.0018470631695604,0.000389303498981404
"151","bit",0.000388852878552218,0.000139204161271099,0.00221647580347248,0.000388852878552218
"152","fast",0.00038355986943529,0.00338240296566423,0.00147765053564832,0.00038355986943529
"153","decent",0.000379521265724638,0.000565206624847168,0.0018470631695604,0.000379521265724638
"154","meh",0.00037619133774449,0.00335713373667458,0.00073882526782416,0.00037619133774449
"155","are",0.00037078871223594,8.1765069049037e-05,0.00701884004432952,0.00037078871223594
"156","fabulous",0.000367803699501469,0.00329443229028178,0.00036941263391208,0.000367803699501469
"157","another",0.000367025937005896,0.00171478278689908,0.00110823790173624,0.000367025937005896
"158","every",0.000366865203073168,0.00253928446678154,0.00147765053564832,0.000366865203073168
"159","authentic",0.000361740687882492,0.00328326219888164,0.00073882526782416,0.000361740687882492
"160","charge",0.000352279733724906,0.00111383186957146,0.00073882526782416,0.000352279733724906
"161","we",0.000351168450255569,6.86588284728708e-05,0.00517177687476912,0.000351168450255569
"162","hut",0.000347958256000017,0.00191837631948566,0.00036941263391208,0.000347958256000017
"163","maybe",0.000341400939194578,0.000961074664068189,0.00147765053564832,0.000341400939194578
"164","yummy",0.000339132097057219,0.00324394347715314,0.00110823790173624,0.000339132097057219
"165","notch",0.000335796453644989,0.00331468738935404,0.00036941263391208,0.000335796453644989
"166","food",0.000328497041184855,8.15168447957005e-05,0.0036941263391208,0.000328497041184855
"167","threw",0.000326420234850809,0.00328455296499899,0.00036941263391208,0.000326420234850809
"168","o",0.000323249760316525,7.48147899556155e-05,0.00110823790173624,0.000323249760316525
"169","customers",0.000322369022198179,0.00313497302993843,0.00073882526782416,0.000322369022198179
"170","attitude",0.000317751795953849,0.00297407406892572,0.00036941263391208,0.000317751795953849
"171","of",0.000316526357948226,0.000265550306219368,0.00480236424085704,0.000316526357948226
"172","store",0.000314189365205347,0.00188670290475993,0.00073882526782416,0.000314189365205347
"173","were",0.000309103835050356,0.000325670220377464,0.0018470631695604,0.000309103835050356
"174","well",0.000304332643273408,0.00333543893693297,0.00147765053564832,0.000304332643273408
"175","lettuce",0.000296338281467594,0.00333375101201028,0.00036941263391208,0.000296338281467594
"176","cardboard",0.000294148126855084,0.00098142905284178,0.00036941263391208,0.000294148126855084
"177","gone",0.000293919703846054,0.000121232725329538,0.00147765053564832,0.000293919703846054
"178","wouldn't",0.000291744595219742,0.00329229756170309,0.00073882526782416,0.000291744595219742
"179","fancy",0.000290828916613317,0.000315840539945339,0.00073882526782416,0.000290828916613317
"180","understand",0.000285900273225774,0.00300232198895541,0.00036941263391208,0.000285900273225774
"181","sick",0.000282434854887638,0.00319916382185124,0.00036941263391208,0.000282434854887638
"182","yum",0.000281564328009751,0.00333375101201028,0.00036941263391208,0.000281564328009751
"183","have",0.000279304833230168,9.48216647745359e-05,0.0055411895086812,0.000279304833230168
"184","than",0.000276455537112766,0.00021739480107209,0.00147765053564832,0.000276455537112766
"185","beer",0.000274110619648478,0.000114927829294791,0.00147765053564832,0.000274110619648478
"186","lacking",0.000273419024433226,0.00335763018518125,0.00073882526782416,0.000273419024433226
"187","looked",0.000271064043893088,0.00258456057059011,0.00073882526782416,0.000271064043893088
"188","ever",0.000262666312595078,0.000155934475945978,0.00036941263391208,0.000262666312595078
"189","priced",0.000260085228062028,0.000270763015539434,0.00036941263391208,0.000260085228062028
"190","world",0.000258940894482012,0.00333375101201028,0.00036941263391208,0.000258940894482012
"191","trash",0.000256297076439829,0.00321306438003808,0.00036941263391208,0.000256297076439829
"192","hardly",0.000243635190596622,0.00329448193513245,0.00036941263391208,0.000243635190596622
"193","superb",0.000239588435471921,0.00333375101201028,0.00036941263391208,0.000239588435471921
"194","call",0.000231926796337143,0.000541575675929535,0.00073882526782416,0.000231926796337143
"195","exceptional",0.000231900247096213,0.00272997033819462,0.00036941263391208,0.000231900247096213
"196","filthy",0.000225981102446889,0.00333375101201028,0.00036941263391208,0.000225981102446889
"197","will",0.000223671390325737,0.000307202335929229,0.00147765053564832,0.000223671390325737
"198","below",0.000209419195193824,0.000111700914001417,0.00036941263391208,0.000209419195193824
"199","too",0.000207095717494651,0.000144416870591165,0.00147765053564832,0.000207095717494651
"200","that",0.000205985175281127,2.62621260029997e-05,0.0036941263391208,0.000205985175281127
"201","so",0.000200680985090773,3.80776004618163e-05,0.00332471370520872,0.000200680985090773
"202","worth",0.000198645201866242,0.000492377628918245,0.00110823790173624,0.000198645201866242
"203","on",0.000195580983624471,3.28648911417502e-05,0.00295530107129664,0.000195580983624471
"204","would",0.000194136164742598,2.93897515950394e-05,0.0018470631695604,0.000194136164742598
"205","pretty",0.000192271064830176,0.000549965655692308,0.00110823790173624,0.000192271064830176
"206","as",0.000184137253017954,0.000408378541589179,0.00406353897303288,0.000184137253017954
"207","crispy",0.000183101973195507,7.12900055582375e-05,0.00110823790173624,0.000183101973195507
"208","really",0.000180533240901185,0.000106736428934687,0.00295530107129664,0.000180533240901185
"209","parking",0.000178159995307909,0.000109913699377394,0.00110823790173624,0.000178159995307909
"210","stars",0.000168634731572622,0.000259344699885956,0.00110823790173624,0.000168634731572622
"211","can't",0.000168185745124459,8.11693308410294e-05,0.0018470631695604,0.000168185745124459
"212","can",0.000163900007457214,8.45948255370729e-05,0.0018470631695604,0.000163900007457214
"213","which",0.000162629666203678,9.75024867105699e-05,0.00147765053564832,0.000162629666203678
"214","above",0.000158601655515048,9.41266368651938e-05,0.00110823790173624,0.000158601655515048
"215","time",0.000157800506970982,1.8269305045565e-05,0.00221647580347248,0.000157800506970982
"216","years",0.000157337182705225,4.73611875366007e-05,0.0018470631695604,0.000157337182705225
"217","seemed",0.000156911655719034,0.000546887674950936,0.00147765053564832,0.000156911655719034
"218","she",0.00015669051583066,3.94676562805006e-05,0.00073882526782416,0.00015669051583066
"219","he",0.00015636898698402,2.03543887735915e-05,0.00110823790173624,0.00015636898698402
"220","person",0.000155753293240306,3.15741250244004e-05,0.00036941263391208,0.000155753293240306
"221","i'm",0.000154369729486921,4.93966264139598e-05,0.00221647580347248,0.000154369729486921
"222","since",0.000150561026103691,5.12334858886498e-05,0.00147765053564832,0.000150561026103691
"223","two",0.000146143166506024,3.36592087524269e-05,0.00221647580347248,0.000146143166506024
"224","very",0.000145673634324133,3.80776004618163e-05,0.0018470631695604,0.000145673634324133
"225","be",0.000139830064178607,3.90704974751622e-05,0.00406353897303288,0.000139830064178607
"226","restaurant",0.00013739540828766,0.000105644242220007,0.0018470631695604,0.00013739540828766
"227","style",0.000137178048485261,4.71626081339315e-05,0.00147765053564832,0.000137178048485261
"228","me",0.000136482815447238,2.03543887735915e-05,0.0018470631695604,0.000136482815447238
"229","special",0.000135264152805382,6.2155353035455e-05,0.00147765053564832,0.000135264152805382
"230","huge",0.000134269036286853,8.05735926330219e-05,0.0018470631695604,0.000134269036286853
"231","italian",0.000133866355492558,7.35736686889331e-05,0.00110823790173624,0.000133866355492558
"232","came",0.000133376395333574,1.37516236348411e-05,0.00147765053564832,0.000133376395333574
"233","says",0.000133300131732153,0.000108027195052037,0.00110823790173624,0.000133300131732153
"234","fun",0.000129907631587286,2.29359210082909e-05,0.00036941263391208,0.000129907631587286
"235","or",0.000126334888747248,0.000134736124711042,0.00110823790173624,0.000126334888747248
"236","refund",0.000126126143634929,0.000232685415077618,0.00073882526782416,0.000126126143634929
"237","should",0.000124232968417579,4.89001779072869e-05,0.00073882526782416,0.000124232968417579
"238","being",0.00011928776255192,3.12762559203967e-05,0.00258588843738456,0.00011928776255192
"239","excited",0.000119040363405855,0.000343939525423029,0.00036941263391208,0.000119040363405855
"240","it's",0.000115612119591685,0.000102119457822628,0.00036941263391208,0.000115612119591685
"241","rubbery",0.000115367773883726,9.31833847025151e-05,0.00036941263391208,0.000115367773883726
"242","family",0.000114499145487836,5.75383819233964e-05,0.00073882526782416,0.000114499145487836
"243","puts",0.000113535846359094,2.29855658589582e-05,0.00073882526782416,0.000113535846359094
"244","prices",0.000110597191525204,5.52547187927008e-05,0.00073882526782416,0.000110597191525204
"245","even",0.000110294464004178,3.27159565897483e-05,0.00110823790173624,0.000110294464004178
"246","supposed",0.000110138992000228,0.000159211036090019,0.00110823790173624,0.000110138992000228
"247","more",0.000107765833401531,1.43970066935159e-05,0.0018470631695604,0.000107765833401531
"248","offered",0.000105414615675923,8.38997976277307e-05,0.00147765053564832,0.000105414615675923
"249","last",0.000105215196538229,5.21270932006611e-05,0.00073882526782416,0.000105215196538229
"250","else",0.00010494181631097,0.000231493938661603,0.00073882526782416,0.00010494181631097
"251","save",0.00010418491626573,2.30848555602928e-05,0.00036941263391208,0.00010418491626573
"252","someone",0.000103557114530639,4.24463473205383e-05,0.00110823790173624,0.000103557114530639
"253","fries",0.000103538787953388,2.88933030883664e-05,0.00147765053564832,0.000103538787953388
"254","sweet",0.000102671204263558,4.3737113437888e-05,0.00073882526782416,0.000102671204263558
"255","card",0.000102511938757772,1.8269305045565e-05,0.00036941263391208,0.000102511938757772
"256","what",0.000102270436858209,2.63614157043343e-05,0.00147765053564832,0.000102270436858209
"257","from",0.000102081270388838,4.89994676086214e-05,0.0018470631695604,0.000102081270388838
"258","suggest",0.000101166009641231,1.45459412455178e-05,0.00036941263391208,0.000101166009641231
"259","simply",0.000101162730033745,1.95104263122474e-05,0.00073882526782416,0.000101162730033745
"260","wait",0.000100570433983963,1.28083714721624e-05,0.00110823790173624,0.000100570433983963
"261","this",0.000100100042274233,3.17230595764023e-05,0.00221647580347248,0.000100100042274233
"262","taste",9.90138518347924e-05,1.21629884134876e-05,0.00147765053564832,9.90138518347924e-05
"263","free",9.89539168702799e-05,2.50706495869846e-05,0.00073882526782416,9.89539168702799e-05
"264","breading",9.73049264492454e-05,3.15741250244004e-05,0.00073882526782416,9.73049264492454e-05
"265","bar",9.49359620577858e-05,5.21270932006611e-06,0.00110823790173624,9.49359620577858e-05
"266","canned",9.42564029941406e-05,0.000106587494382685,0.00110823790173624,9.42564029941406e-05
"267","dinner",9.36797404744412e-05,2.3630948917633e-05,0.00147765053564832,9.36797404744412e-05
"268","day",9.32460013290731e-05,1.89643329549072e-05,0.00110823790173624,9.32460013290731e-05
"269","work",9.30405843967378e-05,1.53899037068619e-05,0.00110823790173624,9.30405843967378e-05
"270","if",9.16786801767919e-05,1.97090057149166e-05,0.0018470631695604,9.16786801767919e-05
"271","why",9.03088340820186e-05,8.1268620542364e-05,0.00073882526782416,9.03088340820186e-05
"272","waitress",9.01424248861061e-05,8.02757235290181e-05,0.00110823790173624,9.01424248861061e-05
"273","cheese",8.94165916073444e-05,1.92125572082437e-05,0.00221647580347248,8.94165916073444e-05
"274","way",8.89405803830347e-05,2.52195841389865e-05,0.00110823790173624,8.89405803830347e-05
"275","side",8.8612624355524e-05,1.78225013895594e-05,0.00073882526782416,8.8612624355524e-05
"276","driver",8.83013877166201e-05,2.53685186909884e-05,0.00036941263391208,8.83013877166201e-05
"277","rub",8.79717808694102e-05,3.19216389790715e-05,0.00036941263391208,8.79717808694102e-05
"278","them",8.59696845210946e-05,2.66592848083381e-05,0.00147765053564832,8.59696845210946e-05
"279","specials",8.56232012685615e-05,1.53402588561946e-05,0.00073882526782416,8.56232012685615e-05
"280","has",8.40993551769651e-05,2.09004821309317e-05,0.00147765053564832,8.40993551769651e-05
"281","away",8.37748474977818e-05,1.37019787841738e-05,0.00073882526782416,8.37748474977818e-05
"282","arrived",8.35091616404236e-05,1.49431000508562e-05,0.00110823790173624,8.35091616404236e-05
"283","orders",8.32394353271004e-05,5.85809237874096e-06,0.00073882526782416,8.32394353271004e-05
"284","yes",8.29662173884797e-05,3.86733386698238e-05,0.00073882526782416,8.29662173884797e-05
"285","flavor",8.21834773331664e-05,5.31696350646743e-05,0.00147765053564832,8.21834773331664e-05
"286","i've",8.18866675443875e-05,6.70701932515173e-05,0.00147765053564832,8.18866675443875e-05
"287","visit",8.1731152696237e-05,4.62193559712529e-05,0.00110823790173624,8.1731152696237e-05
"288","when",8.09301390582893e-05,3.07798074137237e-05,0.00110823790173624,8.09301390582893e-05
"289","your",8.08327369978215e-05,2.56167429443249e-05,0.00147765053564832,8.08327369978215e-05
"290","their",8.04358247443202e-05,1.05247083414668e-05,0.00147765053564832,8.04358247443202e-05
"291","just",7.99826361023523e-05,6.65737447448443e-05,0.00110823790173624,7.99826361023523e-05
"292","edible",7.98947489165502e-05,0.000202848859826573,0.00036941263391208,7.98947489165502e-05
"293","remember",7.85439192732759e-05,2.79004060750205e-05,0.00036941263391208,7.85439192732759e-05
"294","nope",7.8196498051428e-05,0.000100679757153277,0.00036941263391208,7.8196498051428e-05
"295","complain",7.81643208372382e-05,6.95027909342148e-06,0.00036941263391208,7.81643208372382e-05
"296","place",7.7792609983102e-05,3.4354236661769e-05,0.00147765053564832,7.7792609983102e-05
"297","receiving",7.76885657339067e-05,0.000199274430578527,0.00073882526782416,7.76885657339067e-05
"298","price",7.75573315400405e-05,2.35813040669657e-05,0.00110823790173624,7.75573315400405e-05
"299","lunch",7.7397979960295e-05,4.73115426859334e-05,0.00073882526782416,7.7397979960295e-05
"300","there's",7.66002270846803e-05,2.8992592789701e-05,0.00073882526782416,7.66002270846803e-05
"301","white",7.64485108529168e-05,3.23187977844099e-05,0.00073882526782416,7.64485108529168e-05
"302","employees",7.5941208451368e-05,9.18429737344981e-06,0.00036941263391208,7.5941208451368e-05
"303","pay",7.50752386384417e-05,5.50561393900316e-05,0.00110823790173624,7.50752386384417e-05
"304","must",7.49131703980381e-05,0.000386038358788896,0.00073882526782416,7.49131703980381e-05
"305","spicy",7.43186584493549e-05,2.61628363016651e-05,0.00036941263391208,7.43186584493549e-05
"306","dogs",7.40257012944904e-05,1.51913243041927e-05,0.00036941263391208,7.40257012944904e-05
"307","hill",7.33920313989551e-05,4.37867582885553e-05,0.00073882526782416,7.33920313989551e-05
"308","other",7.2721192251376e-05,1.6928894077548e-05,0.00073882526782416,7.2721192251376e-05
"309","an",7.23031374275158e-05,1.4744520648187e-05,0.00036941263391208,7.23031374275158e-05
"310","reviews",7.14941283693257e-05,9.4672730222534e-05,0.00073882526782416,7.14941283693257e-05
"311","by",7.14789019575051e-05,1.05247083414668e-05,0.00147765053564832,7.14789019575051e-05
"312","star",7.12990372040494e-05,3.79783107604817e-05,0.00073882526782416,7.12990372040494e-05
"313","please",6.99356627867409e-05,2.37302386189676e-05,0.00073882526782416,6.99356627867409e-05
"314","we're",6.9491289466887e-05,1.36523339335065e-05,0.00036941263391208,6.9491289466887e-05
"315","sauce",6.93495200532945e-05,1.09715119974725e-05,0.00147765053564832,6.93495200532945e-05
"316","sat",6.9283547971112e-05,7.69495185343093e-06,0.00073882526782416,6.9283547971112e-05
"317","under",6.91794126829086e-05,1.11204465494744e-05,0.00073882526782416,6.91794126829086e-05
"318","gluten",6.85084498812229e-05,5.80348304300694e-05,0.00073882526782416,6.85084498812229e-05
"319","others",6.83988084641022e-05,1.67303146748789e-05,0.00073882526782416,6.83988084641022e-05
"320","instead",6.82494447684382e-05,2.76025369710167e-05,0.00073882526782416,6.82494447684382e-05
"321","negative",6.791904618873e-05,2.98365552510451e-05,0.00036941263391208,6.791904618873e-05
"322","lacks",6.74799837399724e-05,0.000260039727795298,0.00073882526782416,6.74799837399724e-05
"323","gave",6.66955000161875e-05,2.90918824910356e-05,0.00036941263391208,6.66955000161875e-05
"324","neighborhood",6.61873818437506e-05,5.81837649820713e-05,0.00073882526782416,6.61873818437506e-05
"325","recommendation",6.59951342508147e-05,2.69075090616746e-05,0.00036941263391208,6.59951342508147e-05
"326","receive",6.43148932935503e-05,0.000135083638665713,0.00036941263391208,6.43148932935503e-05
"327","delivery",6.4288488400987e-05,1.0723287744136e-05,0.00147765053564832,6.4288488400987e-05
"328","homemade",6.42526999596912e-05,1.55388382588637e-05,0.00036941263391208,6.42526999596912e-05
"329","things",6.39638004535516e-05,7.74459670409822e-06,0.00073882526782416,6.39638004535516e-05
"330","during",6.3540973281475e-05,2.93897515950394e-05,0.00073882526782416,6.3540973281475e-05
"331","weren't",6.28741505121284e-05,4.89498227579541e-05,0.00073882526782416,6.28741505121284e-05
"332","means",6.24710642086892e-05,7.94317610676741e-06,0.00036941263391208,6.24710642086892e-05
"333","though",6.2416622567045e-05,1.16665399068146e-05,0.00036941263391208,6.2416622567045e-05
"334","you're",6.22830434774317e-05,8.48926946410767e-06,0.00036941263391208,6.22830434774317e-05
"335","close",6.19848635791193e-05,1.85671741495688e-05,0.00036941263391208,6.19848635791193e-05
"336","behind",6.1810379884137e-05,3.47513954671074e-06,0.00036941263391208,6.1810379884137e-05
"337","run",6.17913197622408e-05,9.4672730222534e-05,0.00073882526782416,6.17913197622408e-05
"338","everybody",6.08809916056682e-05,7.64530700276363e-06,0.00036941263391208,6.08809916056682e-05
"339","us",5.99864030313603e-05,2.11983512349355e-05,0.00147765053564832,5.99864030313603e-05
"340","made",5.92675380687047e-05,1.06736428934687e-05,0.00147765053564832,5.92675380687047e-05
"341","down",5.90066963206479e-05,2.86947236856973e-05,0.00073882526782416,5.90066963206479e-05
"342","received",5.8177484707234e-05,1.05247083414668e-05,0.00073882526782416,5.8177484707234e-05
"343","topping",5.80399378276229e-05,2.70067987630092e-05,0.00073882526782416,5.80399378276229e-05
"344","doughy",5.80158499053582e-05,4.15030951578597e-05,0.00073882526782416,5.80158499053582e-05
"345","saw",5.78421315439224e-05,6.6524099894177e-06,0.00073882526782416,5.78421315439224e-05
"346","individual",5.78102848084141e-05,1.46452309468524e-05,0.00036941263391208,5.78102848084141e-05
"347","ways",5.77638366198774e-05,5.59001018513756e-05,0.00073882526782416,5.77638366198774e-05
"348","aren't",5.74813306566e-05,2.6311770853667e-06,0.00036941263391208,5.74813306566e-05
"349","salad",5.74675345879869e-05,1.48934552001889e-05,0.00073882526782416,5.74675345879869e-05
"350","attentive",5.7163813034299e-05,2.49217150349827e-05,0.00036941263391208,5.7163813034299e-05
"351","needed",5.71317408651187e-05,2.21416033976141e-05,0.00036941263391208,5.71317408651187e-05
"352","short",5.6525531859562e-05,1.0226839237463e-05,0.00073882526782416,5.6525531859562e-05
"353","writing",5.60633477452559e-05,1.72267631815518e-05,0.00036941263391208,5.60633477452559e-05
"354","old",5.5876842888236e-05,1.19644090108184e-05,0.00036941263391208,5.5876842888236e-05
"355","woman",5.58281417399739e-05,5.06873925313095e-05,0.00036941263391208,5.58281417399739e-05
"356","longer",5.55875691149896e-05,3.2666311739081e-05,0.00073882526782416,5.55875691149896e-05
"357","seem",5.52976369023132e-05,8.48430497904094e-05,0.00036941263391208,5.52976369023132e-05
"358","true",5.39743550176993e-05,0.000103509513641313,0.00036941263391208,5.39743550176993e-05
"359","soft",5.38578172186655e-05,2.38791731709695e-05,0.00036941263391208,5.38578172186655e-05
"360","all",5.34305898803164e-05,1.36026890828392e-05,0.0018470631695604,5.34305898803164e-05
"361","dollar",5.33977381748748e-05,2.83472097310262e-05,0.00036941263391208,5.33977381748748e-05
"362","sure",5.33636285652807e-05,1.46948757975197e-05,0.00110823790173624,5.33636285652807e-05
"363","cooked",5.28909237408362e-05,0.00010852364355871,0.00073882526782416,5.28909237408362e-05
"364","much",5.23149074249872e-05,3.61414512857917e-05,0.00073882526782416,5.23149074249872e-05
"365","either",5.21327098461248e-05,0.000148686327748552,0.00036941263391208,5.21327098461248e-05
"366","name",5.1821191198746e-05,2.15458651896066e-05,0.00036941263391208,5.1821191198746e-05
"367","see",5.16881036961713e-05,4.53257486592415e-05,0.00073882526782416,5.16881036961713e-05
"368","salty",5.08961514689273e-05,4.7410832387268e-05,0.00036941263391208,5.08961514689273e-05
"369","area",5.06331199455217e-05,4.15030951578597e-05,0.00110823790173624,5.06331199455217e-05
"370","town",5.04510840258143e-05,3.02337140563834e-05,0.00073882526782416,5.04510840258143e-05
"371","there",5.00991771853491e-05,1.9262202058911e-05,0.00073882526782416,5.00991771853491e-05
"372","deliver",4.98609411626707e-05,1.13190259521436e-05,0.00036941263391208,4.98609411626707e-05
"373","hesitant",4.98398098049813e-05,2.78507612243532e-05,0.00036941263391208,4.98398098049813e-05
"374","forever",4.97743973727087e-05,1.04254186401322e-06,0.00073882526782416,4.97743973727087e-05
"375","that's",4.96055961799685e-05,6.67723241475135e-05,0.00073882526782416,4.96055961799685e-05
"376","madison",4.95306442444998e-05,1.01275495361284e-05,0.00036941263391208,4.95306442444998e-05
"377","receipt",4.91708713819329e-05,4.91980470112906e-05,0.00036941263391208,4.91708713819329e-05
"378","tells",4.90656949678548e-05,1.0226839237463e-05,0.00036941263391208,4.90656949678548e-05
"379","our",4.89659297094157e-05,3.02833589070507e-06,0.00110823790173624,4.89659297094157e-05
"380","impressive",4.87917076827322e-05,3.44038815124363e-05,0.00036941263391208,4.87917076827322e-05
"381","hostess",4.84800206485967e-05,9.4325216267863e-05,0.00036941263391208,4.84800206485967e-05
"382","quick",4.82534853810057e-05,1.04254186401322e-05,0.00036941263391208,4.82534853810057e-05
"383","working",4.81660521312782e-05,2.31345004109601e-05,0.00036941263391208,4.81660521312782e-05
"384","unless",4.81475622424783e-05,4.9098757309956e-05,0.00036941263391208,4.81475622424783e-05
"385","salads",4.7982894157762e-05,1.68792492268807e-05,0.00036941263391208,4.7982894157762e-05
"386","hear",4.79235822832635e-05,5.95738208007556e-06,0.00036941263391208,4.79235822832635e-05
"387","otherwise",4.76858249038754e-05,3.38577881550961e-05,0.00036941263391208,4.76858249038754e-05
"388","pizzas",4.67966128006819e-05,1.49927449015235e-05,0.00073882526782416,4.67966128006819e-05
"389","hands",4.67224807277421e-05,1.11204465494744e-05,0.00036941263391208,4.67224807277421e-05
"390","breakfast",4.63061310951928e-05,5.78858958780675e-05,0.00036941263391208,4.63061310951928e-05
"391","hoping",4.61306606852901e-05,8.19140036010389e-06,0.00036941263391208,4.61306606852901e-05
"392","go",4.58618410559666e-05,3.27656014404156e-06,0.0018470631695604,4.58618410559666e-05
"393","about",4.55574694703837e-05,8.93607312011333e-06,0.00147765053564832,4.55574694703837e-05
"394","new",4.50458939204697e-05,8.48430497904094e-05,0.00036941263391208,4.50458939204697e-05
"395","positive",4.49903416343997e-05,2.85457891336954e-05,0.00036941263391208,4.49903416343997e-05
"396","they're",4.45966352995074e-05,4.40846273925591e-05,0.00036941263391208,4.45966352995074e-05
"397","perhaps",4.45625897004864e-05,1.35530442321719e-05,0.00036941263391208,4.45625897004864e-05
"398","dough",4.40058511503509e-05,1.93118469095783e-05,0.00036941263391208,4.40058511503509e-05
"399","needs",4.3961757425706e-05,4.58718420165818e-05,0.00036941263391208,4.3961757425706e-05
"400","yelp",4.39591816984684e-05,1.81203704935631e-05,0.00073882526782416,4.39591816984684e-05
"401","pathetic",4.34244093187773e-05,0.000192473086037108,0.00036941263391208,4.34244093187773e-05
"402","needless",4.31609879092129e-05,0.00011934622100418,0.00036941263391208,4.31609879092129e-05
"403","open",4.30751267937843e-05,2.7304667867013e-06,0.00036941263391208,4.30751267937843e-05
"404","write",4.29717440134071e-05,2.97869104003778e-06,0.00036941263391208,4.29717440134071e-05
"405","home",4.28835022711911e-05,1.73756977335537e-06,0.00073882526782416,4.28835022711911e-05
"406","word",4.24930696423801e-05,5.80844752807367e-06,0.00036941263391208,4.24930696423801e-05
"407","fair",4.22604449116564e-05,1.01275495361284e-05,0.00036941263391208,4.22604449116564e-05
"408","space",4.21066725516965e-05,1.45459412455178e-05,0.00073882526782416,4.21066725516965e-05
"409","could",4.19492925054735e-05,7.84388640543281e-06,0.00073882526782416,4.19492925054735e-05
"410","her",4.15023321670272e-05,8.29069006143848e-06,0.00073882526782416,4.15023321670272e-05
"411","stuff",4.13065634417685e-05,1.73260528828864e-05,0.00036941263391208,4.13065634417685e-05
"412","having",4.11188428953133e-05,7.24814819742526e-06,0.00036941263391208,4.11188428953133e-05
"413","entire",4.10194821191747e-05,1.13686708028109e-05,0.00036941263391208,4.10194821191747e-05
"414","gummy",4.10175983906904e-05,7.84388640543281e-06,0.00036941263391208,4.10175983906904e-05
"415","tip",4.09282404960705e-05,1.48438103495216e-05,0.00036941263391208,4.09282404960705e-05
"416","car",4.06512218558997e-05,1.57374176615329e-05,0.00036941263391208,4.06512218558997e-05
"417","compared",4.05697734177224e-05,6.05667178141015e-06,0.00036941263391208,4.05697734177224e-05
"418","local",3.99744188270869e-05,1.22126332641549e-05,0.00036941263391208,3.99744188270869e-05
"419","him",3.97459813399426e-05,1.32055302775008e-05,0.00036941263391208,3.97459813399426e-05
"420","pepperoni",3.96710739010678e-05,2.00068748189204e-05,0.00110823790173624,3.96710739010678e-05
"421","bread",3.95665979050808e-05,1.43970066935159e-06,0.00036941263391208,3.95665979050808e-05
"422","several",3.94410931178238e-05,1.06239980428014e-05,0.00036941263391208,3.94410931178238e-05
"423","menu",3.93699547883109e-05,4.35881788858861e-05,0.00073882526782416,3.93699547883109e-05
"424","member",3.89669586583405e-05,3.01344243550489e-05,0.00036941263391208,3.89669586583405e-05
"425","cleanliness",3.88687459808782e-05,4.13045157551905e-05,0.00036941263391208,3.88687459808782e-05
"426","guy",3.86970538865293e-05,1.4248072141514e-05,0.00036941263391208,3.86970538865293e-05
"427","now",3.83768102675474e-05,1.18154744588165e-05,0.00110823790173624,3.83768102675474e-05
"428","mama",3.82464522238112e-05,4.11059363525213e-05,0.00036941263391208,3.82464522238112e-05
"429","apps",3.82385430034248e-05,1.75742771362229e-05,0.00036941263391208,3.82385430034248e-05
"430","buying",3.82011729462393e-05,5.75383819233964e-05,0.00036941263391208,3.82011729462393e-05
"431","flavors",3.81695660044886e-05,1.17658296081492e-05,0.00036941263391208,3.81695660044886e-05
"432","desserts",3.81324811031939e-05,1.32551751281681e-05,0.00036941263391208,3.81324811031939e-05
"433","bacon",3.80107058071997e-05,1.28580163228297e-05,0.00036941263391208,3.80107058071997e-05
"434","cash",3.78696901603998e-05,8.24104521077119e-06,0.00036941263391208,3.78696901603998e-05
"435","likely",3.75974741623244e-05,1.46452309468524e-05,0.00036941263391208,3.75974741623244e-05
"436","right",3.73438794183247e-05,4.25952818725402e-05,0.00036941263391208,3.73438794183247e-05
"437","seems",3.7204953655758e-05,5.53043636433681e-05,0.00036941263391208,3.7204953655758e-05
"438","mineo's",3.71249607794589e-05,1.81203704935631e-05,0.00036941263391208,3.71249607794589e-05
"439","gotten",3.70053672722454e-05,2.18437342936104e-06,0.00073882526782416,3.70053672722454e-05
"440","days",3.69729564017594e-05,3.37088536030942e-05,0.00073882526782416,3.69729564017594e-05
"441","enjoying",3.68801494506435e-05,9.3332319254517e-06,0.00036941263391208,3.68801494506435e-05
"442","surprised",3.66603753441051e-05,3.01840692057161e-05,0.00036941263391208,3.66603753441051e-05
"443","least",3.65587070792587e-05,1.84678844482342e-05,0.00036941263391208,3.65587070792587e-05
"444","water",3.65445694766653e-05,4.83540845499466e-05,0.00036941263391208,3.65445694766653e-05
"445","did",3.64780660319743e-05,3.9715880533837e-06,0.00073882526782416,3.64780660319743e-05
"446","talk",3.63160269051688e-05,1.18154744588165e-05,0.00036941263391208,3.63160269051688e-05
"447","ohio",3.62066482579426e-05,2.88933030883664e-05,0.00036941263391208,3.62066482579426e-05
"448","we've",3.58431383109718e-05,7.49637245076174e-06,0.00036941263391208,3.58431383109718e-05
"449","market",3.5752354597555e-05,1.58367073628675e-05,0.00036941263391208,3.5752354597555e-05
"450","drinks",3.56781848343084e-05,7.44672760009444e-07,0.00036941263391208,3.56781848343084e-05
"451","take",3.55260257217691e-05,1.09218671468052e-06,0.00036941263391208,3.55260257217691e-05
"452","correct",3.54713438929404e-05,5.361643872068e-06,0.00036941263391208,3.54713438929404e-05
"453","apparently",3.52519637248589e-05,5.47582702860278e-05,0.00036941263391208,3.52519637248589e-05
"454","something",3.51850953766237e-05,2.51699392883192e-05,0.00073882526782416,3.51850953766237e-05
"455","complete",3.4843497189143e-05,1.8269305045565e-05,0.00036941263391208,3.4843497189143e-05
"456","figured",3.48229961801957e-05,1.6581380122877e-05,0.00036941263391208,3.48229961801957e-05
"457","pizzeria",3.47827183433832e-05,1.94111366109129e-05,0.00036941263391208,3.47827183433832e-05
"458","add",3.4687766152855e-05,7.24814819742526e-06,0.00036941263391208,3.4687766152855e-05
"459","joint",3.44969387920526e-05,3.11769662190621e-05,0.00036941263391208,3.44969387920526e-05
"460","blood",3.44272189242517e-05,2.497135988565e-05,0.00036941263391208,3.44272189242517e-05
"461","tv",3.43451999382365e-05,1.14183156534781e-05,0.00036941263391208,3.43451999382365e-05
"462","make",3.41796536457669e-05,9.58145617878819e-06,0.00036941263391208,3.41796536457669e-05
"463","hall",3.40878419075946e-05,2.28862761576236e-05,0.00036941263391208,3.40878419075946e-05
"464","own",3.40183790263112e-05,3.82265350138181e-06,0.00073882526782416,3.40183790263112e-05
"465","found",3.36493939209968e-05,1.59856419148694e-05,0.00073882526782416,3.36493939209968e-05
"466","ordering",3.35596767409704e-05,6.7516996907523e-06,0.00073882526782416,3.35596767409704e-05
"467","goes",3.3517382197347e-05,2.46734907816463e-05,0.00036941263391208,3.3517382197347e-05
"468","total",3.33562445298306e-05,5.90773722940826e-06,0.00036941263391208,3.33562445298306e-05
"469","sign",3.33305057091813e-05,1.53899037068619e-06,0.00036941263391208,3.33305057091813e-05
"470","once",3.31945252985202e-05,2.82975648803589e-06,0.00036941263391208,3.31945252985202e-05
"471","doesn't",3.30783001559247e-05,1.53899037068619e-05,0.00073882526782416,3.30783001559247e-05
"472","black",3.27345361134568e-05,4.3737113437888e-05,0.00036941263391208,3.27345361134568e-05
"473","truly",3.27231600143312e-05,2.32337901122947e-05,0.00036941263391208,3.27231600143312e-05
"474","provide",3.27216291898675e-05,1.14183156534781e-06,0.00036941263391208,3.27216291898675e-05
"475","people",3.26583439780506e-05,1.19147641601511e-06,0.00036941263391208,3.26583439780506e-05
"476","chewy",3.25925899724551e-05,3.2666311739081e-05,0.00036941263391208,3.25925899724551e-05
"477","giving",3.25289258117501e-05,4.79072808939409e-05,0.00036941263391208,3.25289258117501e-05
"478","watery",3.25274662762591e-05,3.94180114298333e-05,0.00036941263391208,3.25274662762591e-05
"479","paper",3.24884491369309e-05,9.82968043212467e-06,0.00036941263391208,3.24884491369309e-05
"480","sparse",3.23528213942342e-05,4.74604772379353e-05,0.00036941263391208,3.23528213942342e-05
"481","next",3.23208992387697e-05,1.37516236348411e-05,0.00073882526782416,3.23208992387697e-05
"482","tonight",3.21992740351766e-05,5.75880267740637e-06,0.00036941263391208,3.21992740351766e-05
"483","s",3.2184220967293e-05,4.56732626139126e-06,0.00036941263391208,3.2184220967293e-05
"484","changed",3.21302294848242e-05,1.5588483109531e-05,0.00036941263391208,3.21302294848242e-05
"485","saturday",3.20858882159098e-05,2.19926688456123e-05,0.00036941263391208,3.20858882159098e-05
"486","competition",3.2017451510275e-05,3.41556572590998e-05,0.00036941263391208,3.2017451510275e-05
"487","neither",3.18806944353698e-05,1.3900558186843e-06,0.00073882526782416,3.18806944353698e-05
"488","turned",3.18494438991399e-05,1.82196601948977e-05,0.00036941263391208,3.18494438991399e-05
"489","where",3.17605737359741e-05,1.55388382588637e-05,0.00036941263391208,3.17605737359741e-05
"490","wanted",3.16669441683403e-05,3.12762559203967e-06,0.00073882526782416,3.16669441683403e-05
"491","deep",3.14570509809502e-05,7.84388640543281e-06,0.00036941263391208,3.14570509809502e-05
"492","do",3.14279958386001e-05,3.17727044270696e-06,0.0018470631695604,3.14279958386001e-05
"493","pies",3.12848035643883e-05,4.86023088032831e-05,0.00036941263391208,3.12848035643883e-05
"494","owner",3.12196574035106e-05,3.55953579284514e-05,0.00036941263391208,3.12196574035106e-05
"495","show",3.10874983886599e-05,2.09997718322663e-05,0.00036941263391208,3.10874983886599e-05
"496","ticket",3.10739254718421e-05,1.64820904215424e-05,0.00036941263391208,3.10739254718421e-05
"497","kitchen",3.10679147727952e-05,2.13472857869374e-06,0.00036941263391208,3.10679147727952e-05
"498","plus",3.10509031466116e-05,1.49927449015235e-05,0.00036941263391208,3.10509031466116e-05
"499","line",3.07801316551157e-05,2.88436582376991e-05,0.00036941263391208,3.07801316551157e-05
"500","walking",3.06423821605987e-05,1.53899037068619e-05,0.00036941263391208,3.06423821605987e-05
"501","wings",3.06191515944562e-05,1.20140538614857e-05,0.00036941263391208,3.06191515944562e-05
"502","nobody",3.05548270665288e-05,7.34743789875985e-06,0.00036941263391208,3.05548270665288e-05
"503","taken",3.04227262395317e-05,2.680821936034e-06,0.00036941263391208,3.04227262395317e-05
"504","fingers",3.03181201372353e-05,6.40418573608122e-06,0.00036941263391208,3.03181201372353e-05
"505","understanding",3.02472521314153e-05,1.81203704935631e-05,0.00036941263391208,3.02472521314153e-05
"506","hanging",3.01625767262844e-05,3.91201423258295e-05,0.00036941263391208,3.01625767262844e-05
"507","dominos",3.01589747840556e-05,4.92973367126252e-05,0.00036941263391208,3.01589747840556e-05
"508","venue",3.00314663911069e-05,4.94959161152944e-05,0.00036941263391208,3.00314663911069e-05
"509","heaven",2.98561423753916e-05,2.90918824910356e-05,0.00036941263391208,2.98561423753916e-05
"510","kinks",2.9605808118326e-05,4.67654493285931e-05,0.00036941263391208,2.9605808118326e-05
"511","less",2.96010355340535e-05,4.36874685872207e-06,0.00036941263391208,2.96010355340535e-05
"512","get",2.94936468563391e-05,3.77300865071452e-06,0.00073882526782416,2.94936468563391e-05
"513","generous",2.9483192344228e-05,1.6581380122877e-05,0.00036941263391208,2.9483192344228e-05
"514","unique",2.902798321855e-05,3.42053021097672e-05,0.00036941263391208,2.902798321855e-05
"515","won",2.89827545750333e-05,3.06308728617218e-05,0.00036941263391208,2.89827545750333e-05
"516","properly",2.88697514815537e-05,4.86023088032831e-05,0.00036941263391208,2.88697514815537e-05
"517","ambiance",2.87188661676178e-05,2.78011163736859e-06,0.00036941263391208,2.87188661676178e-05
"518","basil",2.86624096289271e-05,1.67799595255461e-05,0.00036941263391208,2.86624096289271e-05
"519","liked",2.86111046233968e-05,1.88650432535726e-05,0.00036941263391208,2.86111046233968e-05
"520","vegetables",2.85817788894301e-05,5.26235417073341e-06,0.00036941263391208,2.85817788894301e-05
"521","oven",2.84353960327874e-05,1.98579402669185e-06,0.00036941263391208,2.84353960327874e-05
"522","taking",2.81077046636207e-05,1.88650432535726e-06,0.00036941263391208,2.81077046636207e-05
"523","previous",2.80223989097478e-05,6.99992394408878e-06,0.00036941263391208,2.80223989097478e-05
"524","honey",2.78926392881525e-05,1.2560147218826e-05,0.00036941263391208,2.78926392881525e-05
"525","soon",2.78847000492859e-05,3.62407409871263e-06,0.00073882526782416,2.78847000492859e-05
"526","regular",2.7742161092478e-05,6.45383058674852e-06,0.00036941263391208,2.7742161092478e-05
"527","foot",2.76654174511008e-05,7.23325474222507e-05,0.00036941263391208,2.76654174511008e-05
"528","environment",2.76346359191996e-05,3.17727044270696e-06,0.00036941263391208,2.76346359191996e-05
"529","easy",2.76298821407378e-05,1.52906140055273e-05,0.00036941263391208,2.76298821407378e-05
"530","mistake",2.7615215536198e-05,7.22332577209161e-05,0.00036941263391208,2.7615215536198e-05
"531","frustrating",2.75120689300499e-05,3.62903858377936e-05,0.00036941263391208,2.75120689300499e-05
"532","life",2.74442081622029e-05,3.72336380004722e-05,0.00036941263391208,2.74442081622029e-05
"533","know",2.74421630814367e-05,1.03757737894649e-05,0.00073882526782416,2.74421630814367e-05
"534","somehow",2.72856537757225e-05,1.7921791090894e-05,0.00036941263391208,2.72856537757225e-05
"535","angry",2.72319549636003e-05,5.177957924599e-05,0.00036941263391208,2.72319549636003e-05
"536","light",2.6820471787006e-05,1.46948757975197e-05,0.00036941263391208,2.6820471787006e-05
"537","expected",2.68021544552891e-05,3.02833589070507e-06,0.00036941263391208,2.68021544552891e-05
"538","carrots",2.63964043363066e-05,2.88436582376991e-05,0.00036941263391208,2.63964043363066e-05
"539","greasy",2.6299805024293e-05,4.66661596272585e-06,0.00036941263391208,2.6299805024293e-05
"540","each",2.61371215427441e-05,3.0333003757718e-05,0.00036941263391208,2.61371215427441e-05
"541","drove",2.60756823297619e-05,1.4744520648187e-05,0.00036941263391208,2.60756823297619e-05
"542","secret",2.60653342947345e-05,6.84106042195343e-05,0.00036941263391208,2.60653342947345e-05
"543","overall",2.60616873444567e-05,1.91132675069091e-05,0.00073882526782416,2.60616873444567e-05
"544","come",2.57819485499959e-05,1.16168950561473e-05,0.00036941263391208,2.57819485499959e-05
"545","ate",2.56745321986262e-05,6.7516996907523e-06,0.00036941263391208,2.56745321986262e-05
"546","greens",2.5655635191565e-05,1.96593608642493e-05,0.00036941263391208,2.5655635191565e-05
"547","box",2.56141773098035e-05,1.64324455708751e-05,0.00036941263391208,2.56141773098035e-05
"548","limited",2.54854082587132e-05,5.65951297607178e-06,0.00036941263391208,2.54854082587132e-05
"549","rating",2.54240853820954e-05,4.35385340352189e-05,0.00036941263391208,2.54240853820954e-05
"550","i'll",2.53331572416263e-05,1.26594369201606e-05,0.00036941263391208,2.53331572416263e-05
"551","interested",2.49306657604709e-05,2.82975648803589e-05,0.00036941263391208,2.49306657604709e-05
"552","boring",2.48871874343421e-05,9.58145617878819e-06,0.00036941263391208,2.48871874343421e-05
"553","leaving",2.47498637852118e-05,9.4325216267863e-06,0.00036941263391208,2.47498637852118e-05
"554","thin",2.45817886226605e-05,6.702054840085e-06,0.00036941263391208,2.45817886226605e-05
"555","note",2.44056991947134e-05,1.69785389282153e-05,0.00036941263391208,2.44056991947134e-05
"556","think",2.43801967843494e-05,1.88650432535726e-06,0.00073882526782416,2.43801967843494e-05
"557","arrive",2.43468976737215e-05,3.47513954671074e-06,0.00036941263391208,2.43468976737215e-05
"558","lack",2.43314693945063e-05,6.40418573608122e-06,0.00036941263391208,2.43314693945063e-05
"559","children",2.43224270256696e-05,4.88008882059523e-05,0.00036941263391208,2.43224270256696e-05
"560","video",2.43052278134915e-05,6.46375955688198e-05,0.00036941263391208,2.43052278134915e-05
"561","what's",2.42840139541598e-05,1.46948757975197e-05,0.00036941263391208,2.42840139541598e-05
"562","before",2.41288307256291e-05,4.71626081339315e-06,0.00036941263391208,2.41288307256291e-05
"563","question",2.40534002648982e-05,2.2786986456289e-05,0.00036941263391208,2.40534002648982e-05
"564","quality",2.40082564835857e-05,1.88650432535726e-06,0.00073882526782416,2.40082564835857e-05
"565","everyone",2.38399107612854e-05,3.52478439737804e-06,0.00036941263391208,2.38399107612854e-05
"566","started",2.36774786402479e-05,3.57442924804533e-06,0.00036941263391208,2.36774786402479e-05
"567","suggestion",2.34705026353901e-05,4.29924406778786e-05,0.00036941263391208,2.34705026353901e-05
"568","along",2.33774189870639e-05,2.33827246642966e-05,0.00073882526782416,2.33774189870639e-05
"569","top",2.33200732246639e-05,6.7516996907523e-06,0.00036941263391208,2.33200732246639e-05
"570","complaints",2.32391835708571e-05,1.28083714721624e-05,0.00036941263391208,2.32391835708571e-05
"571","off",2.29568108888451e-05,3.77300865071452e-06,0.00110823790173624,2.29568108888451e-05
"572","often",2.29077158139291e-05,1.13686708028109e-05,0.00036941263391208,2.29077158139291e-05
"573","serve",2.28613090532557e-05,5.80844752807367e-06,0.00073882526782416,2.28613090532557e-05
"574","exact",2.28471470581882e-05,4.84533742512812e-05,0.00036941263391208,2.28471470581882e-05
"575","look",2.28132101237051e-05,1.10708016988071e-05,0.00036941263391208,2.28132101237051e-05
"576","review",2.26813343762957e-05,1.09218671468052e-06,0.00036941263391208,2.26813343762957e-05
"577","skills",2.24557559231729e-05,2.53188738403211e-06,0.00036941263391208,2.24557559231729e-05
"578","gets",2.23936826238921e-05,1.80210807922286e-05,0.00036941263391208,2.23936826238921e-05
"579","happened",2.2336545102404e-05,5.46093357340259e-06,0.00036941263391208,2.2336545102404e-05
"580","front",2.22295789888951e-05,7.34743789875985e-06,0.00036941263391208,2.22295789888951e-05
"581","trendy",2.20932496084835e-05,1.77728565388921e-05,0.00036941263391208,2.20932496084835e-05
"582","night",2.20705968292357e-05,5.3119990214007e-06,0.00036941263391208,2.20705968292357e-05
"583","min",2.20289982973211e-05,1.04254186401322e-05,0.00036941263391208,2.20289982973211e-05
"584","sub",2.16441581546542e-05,1.08225774454706e-05,0.00036941263391208,2.16441581546542e-05
"585","whatsoever",2.11075603523605e-05,1.83685947468996e-06,0.00036941263391208,2.11075603523605e-05
"586","probably",2.1068269269811e-05,7.04956879475607e-06,0.00036941263391208,2.1068269269811e-05
"587","cut",2.09531575256303e-05,1.97090057149166e-05,0.00036941263391208,2.09531575256303e-05
"588","nearly",2.07220636193704e-05,1.26594369201606e-05,0.00036941263391208,2.07220636193704e-05
"589","form",2.06020367129718e-05,1.54891934081964e-05,0.00036941263391208,2.06020367129718e-05
"590","especially",2.05961798438826e-05,1.93614917602456e-06,0.00036941263391208,2.05961798438826e-05
"591","gives",2.04815746369666e-05,6.00702693074285e-06,0.00036941263391208,2.04815746369666e-05
"592","dipping",2.04655253725719e-05,1.48934552001889e-06,0.00036941263391208,2.04655253725719e-05
"593","lacked",2.03948581325509e-05,2.50706495869846e-05,0.00036941263391208,2.03948581325509e-05
"594","toppings",2.03261362710252e-05,9.08500767211522e-06,0.00036941263391208,2.03261362710252e-05
"595","certain",2.02373936568933e-05,7.69495185343093e-06,0.00036941263391208,2.02373936568933e-05
"596","i'd",2.01824642051097e-05,2.13472857869374e-06,0.00036941263391208,2.01824642051097e-05
"597","finally",2.01597720438191e-05,2.78011163736859e-06,0.00036941263391208,2.01597720438191e-05
"598","near",1.99374427862753e-05,1.0723287744136e-05,0.00036941263391208,1.99374427862753e-05
"599","stayed",1.9808049012449e-05,5.60986812540448e-06,0.00036941263391208,1.9808049012449e-05
"600","whole",1.97222236201921e-05,2.18437342936104e-06,0.00036941263391208,1.97222236201921e-05
"601","extremely",1.96423104522037e-05,2.08508372802644e-06,0.00073882526782416,1.96423104522037e-05
"602","drink",1.95845500964292e-05,1.48934552001889e-06,0.00073882526782416,1.95845500964292e-05
"603","tables",1.95667439837583e-05,4.71626081339315e-06,0.00036941263391208,1.95667439837583e-05
"604","specialty",1.94482179226859e-05,1.49431000508562e-05,0.00036941263391208,1.94482179226859e-05
"605","located",1.90357329629171e-05,1.51913243041927e-05,0.00036941263391208,1.90357329629171e-05
"606","nicely",1.89710745334934e-05,5.51057842406989e-06,0.00036941263391208,1.89710745334934e-05
"607","hype",1.89306615938485e-05,3.21202183817407e-05,0.00036941263391208,1.89306615938485e-05
"608","let",1.89304627164991e-05,1.90636226562418e-05,0.00036941263391208,1.89304627164991e-05
"609","chains",1.8837701717657e-05,3.02833589070507e-06,0.00036941263391208,1.8837701717657e-05
"610","split",1.86327330560474e-05,4.12052260538559e-06,0.00036941263391208,1.86327330560474e-05
"611","visited",1.84012864424804e-05,5.75880267740637e-06,0.00036941263391208,1.84012864424804e-05
"612","prior",1.83544988444694e-05,9.23394222411711e-06,0.00036941263391208,1.83544988444694e-05
"613","tried",1.8264690672646e-05,3.87229835204911e-06,0.00036941263391208,1.8264690672646e-05
"614","burned",1.82330762164395e-05,1.42977169921813e-05,0.00036941263391208,1.82330762164395e-05
"615","problem",1.82073186686649e-05,1.01275495361284e-05,0.00036941263391208,1.82073186686649e-05
"616","enjoy",1.79959715324472e-05,8.38997976277307e-06,0.00036941263391208,1.79959715324472e-05
"617","watching",1.79768888278412e-05,9.82968043212467e-06,0.00036941263391208,1.79768888278412e-05
"618","spinach",1.76279760455444e-05,1.3900558186843e-06,0.00036941263391208,1.76279760455444e-05
"619","friend",1.75667000654252e-05,4.26945715738748e-06,0.00036941263391208,1.75667000654252e-05
"620","caesar",1.73874701851223e-05,4.31910200805478e-06,0.00036941263391208,1.73874701851223e-05
"621","thick",1.72528104695633e-05,9.4325216267863e-07,0.00036941263391208,1.72528104695633e-05
"622","sandwich",1.71039006312885e-05,1.83685947468996e-06,0.00036941263391208,1.71039006312885e-05
"623","cons",1.71038481087837e-05,2.85457891336954e-05,0.00036941263391208,1.71038481087837e-05
"624","ended",1.69295296137995e-05,1.00282598347939e-05,0.00036941263391208,1.69295296137995e-05
"625","cheap",1.68820403780735e-05,4.76590566406044e-06,0.00036941263391208,1.68820403780735e-05
"626","cakes",1.65442635864032e-05,2.69571539123419e-05,0.00036941263391208,1.65442635864032e-05
"627","still",1.65279929799773e-05,3.9715880533837e-07,0.00036941263391208,1.65279929799773e-05
"628","shared",1.65197779487825e-05,1.53899037068619e-06,0.00036941263391208,1.65197779487825e-05
"629","say",1.62737360196483e-05,1.83685947468996e-06,0.00036941263391208,1.62737360196483e-05
"630","mozzarella",1.62426487162814e-05,4.46803656005667e-06,0.00036941263391208,1.62426487162814e-05
"631","anyway",1.62155535560437e-05,4.0708777547183e-06,0.00036941263391208,1.62155535560437e-05
"632","bunch",1.6115712523564e-05,6.50347543741581e-06,0.00036941263391208,1.6115712523564e-05
"633","overwhelmed",1.60550856193123e-05,1.41487824401794e-05,0.00036941263391208,1.60550856193123e-05
"634","lot",1.60196609799649e-05,1.24112126668241e-06,0.00036941263391208,1.60196609799649e-05
"635","interior",1.5988584967953e-05,2.73543127176803e-05,0.00036941263391208,1.5988584967953e-05
"636","only",1.55408385879299e-05,6.45383058674852e-07,0.00073882526782416,1.55408385879299e-05
"637","eat",1.54433172148224e-05,3.02833589070507e-06,0.00036941263391208,1.54433172148224e-05
"638","solid",1.52452062612517e-05,7.79424155476552e-06,0.00036941263391208,1.52452062612517e-05
"639","actually",1.50311183158265e-05,7.44672760009444e-07,0.00036941263391208,1.50311183158265e-05
"640","standing",1.49436945476898e-05,5.65951297607178e-06,0.00036941263391208,1.49436945476898e-05
"641","any",1.47771615009572e-05,2.33330798136293e-06,0.00036941263391208,1.47771615009572e-05
"642","peppers",1.42977031086011e-05,1.63828007202078e-06,0.00036941263391208,1.42977031086011e-05
"643","customize",1.42681222372238e-05,1.24112126668241e-05,0.00036941263391208,1.42681222372238e-05
"644","server",1.41157605097786e-05,7.14885849609067e-06,0.00036941263391208,1.41157605097786e-05
"645","burgh",1.39514355327504e-05,1.38012684855084e-05,0.00036941263391208,1.39514355327504e-05
"646","bathrooms",1.39272594434947e-05,2.87940133870319e-06,0.00036941263391208,1.39272594434947e-05
"647","crunch",1.39171120955809e-05,9.08500767211522e-06,0.00036941263391208,1.39171120955809e-05
"648","check",1.38359504656878e-05,4.51768141072396e-06,0.00036941263391208,1.38359504656878e-05
"649","done",1.37274197716785e-05,1.09218671468052e-06,0.00036941263391208,1.37274197716785e-05
"650","while",1.34887542447423e-05,1.340410968017e-06,0.00036941263391208,1.34887542447423e-05
"651","yeah",1.3486488026527e-05,1.32055302775008e-05,0.00036941263391208,1.3486488026527e-05
"652","these",1.33695443681982e-05,1.78721462402267e-06,0.00036941263391208,1.33695443681982e-05
"653","normal",1.33417419835822e-05,4.51768141072396e-06,0.00036941263391208,1.33417419835822e-05
"654","damn",1.31213271811715e-05,2.97869104003778e-06,0.00036941263391208,1.31213271811715e-05
"655","out",1.30942554770516e-05,1.19147641601511e-06,0.00073882526782416,1.30942554770516e-05
"656","within",1.30885533742764e-05,6.40418573608122e-06,0.00036941263391208,1.30885533742764e-05
"657","consistency",1.30813832851981e-05,1.27587266214951e-05,0.00036941263391208,1.30813832851981e-05
"658","put",1.24617731330525e-05,1.04254186401322e-06,0.00036941263391208,1.24617731330525e-05
"659","tastes",1.23876905925722e-05,3.57442924804533e-06,0.00036941263391208,1.23876905925722e-05
"660","wrong",1.21926704015271e-05,5.95738208007556e-07,0.00036941263391208,1.21926704015271e-05
"661","chain",1.21891472627267e-05,3.67371894937993e-06,0.00036941263391208,1.21891472627267e-05
"662","want",1.20673606753775e-05,7.39708274942715e-06,0.00036941263391208,1.20673606753775e-05
"663","three",1.20014265589007e-05,1.23615678161568e-05,0.00036941263391208,1.20014265589007e-05
"664","around",1.18145200915974e-05,1.63331558695405e-05,0.00036941263391208,1.18145200915974e-05
"665","servers",1.17026894892684e-05,2.67585745096727e-05,0.00036941263391208,1.17026894892684e-05
"666","offer",1.12831188305133e-05,5.46093357340259e-07,0.00036941263391208,1.12831188305133e-05
"667","loud",1.12614546939781e-05,8.48926946410767e-06,0.00036941263391208,1.12614546939781e-05
"668","ride",1.11616962024834e-05,1.26097920694933e-05,0.00036941263391208,1.11616962024834e-05
"669","ingredients",1.09983261121311e-05,1.93614917602456e-06,0.00036941263391208,1.09983261121311e-05
"670","picked",1.08670582094394e-05,1.37019787841738e-05,0.00036941263391208,1.08670582094394e-05
"671","dad",1.07056616276131e-05,5.75880267740637e-06,0.00036941263391208,1.07056616276131e-05
"672","empty",1.067733110659e-05,3.07798074137237e-06,0.00036941263391208,1.067733110659e-05
"673","tomato",1.06469070031199e-05,3.87229835204911e-06,0.00036941263391208,1.06469070031199e-05
"674","different",1.06335845261943e-05,7.94317610676741e-07,0.00110823790173624,1.06335845261943e-05
"675","breadsticks",1.06289545356043e-05,1.24608575174914e-05,0.00036941263391208,1.06289545356043e-05
"676","starters",1.05008899155606e-05,6.95027909342148e-06,0.00036941263391208,1.05008899155606e-05
"677","guys",1.03404801666828e-05,1.14183156534781e-06,0.00036941263391208,1.03404801666828e-05
"678","seated",1.02932254527926e-05,6.95027909342148e-06,0.00036941263391208,1.02932254527926e-05
"679","packed",1.00614880179859e-05,5.51057842406989e-06,0.00036941263391208,1.00614880179859e-05
"680","crowded",9.84837561415421e-06,8.83678341877874e-06,0.00036941263391208,9.84837561415421e-06
"681","ravioli",9.82683906599569e-06,1.88650432535726e-06,0.00036941263391208,9.82683906599569e-06
"682","locals",9.54806078421694e-06,1.54395485575291e-05,0.00036941263391208,9.54806078421694e-06
"683","large",9.13302818789853e-06,7.94317610676741e-07,0.00036941263391208,9.13302818789853e-06
"684","dive",9.08869443343989e-06,9.73039073079007e-06,0.00036941263391208,9.08869443343989e-06
"685","friday",8.87673575429075e-06,8.43962461344037e-07,0.00036941263391208,8.87673575429075e-06
"686","base",8.71490018661598e-06,1.2907661173497e-06,0.00036941263391208,8.71490018661598e-06
"687","wedding",8.34787461530048e-06,9.58145617878819e-06,0.00036941263391208,8.34787461530048e-06
"688","many",8.2982504872924e-06,6.95027909342148e-07,0.00036941263391208,8.2982504872924e-06
"689","been",7.93789785102444e-06,1.04254186401322e-06,0.00073882526782416,7.93789785102444e-06
"690","ready",7.86160631628625e-06,5.01412991739693e-06,0.00036941263391208,7.86160631628625e-06
"691","times",7.72184105918322e-06,1.63828007202078e-06,0.00036941263391208,7.72184105918322e-06
"692","although",7.16674113250987e-06,7.44672760009444e-07,0.00036941263391208,7.16674113250987e-06
"693","craft",6.75900715787119e-06,2.28366313069563e-06,0.00036941263391208,6.75900715787119e-06
"694","burger",6.22275408851262e-06,4.96448506672963e-07,0.00073882526782416,6.22275408851262e-06
"695","after",5.99911494291315e-06,5.95738208007556e-07,0.00036941263391208,5.99911494291315e-06
"696","got",5.58413486909947e-06,6.45383058674852e-07,0.00036941263391208,5.58413486909947e-06
"697","mushroom",5.37797306142179e-06,1.340410968017e-06,0.00036941263391208,5.37797306142179e-06
"698","trip",5.2006566920271e-06,4.26945715738748e-06,0.00036941263391208,5.2006566920271e-06
"699","beers",4.667604571901e-06,4.96448506672963e-07,0.00036941263391208,4.667604571901e-06
"700","here",4.29358615037151e-06,2.97869104003778e-07,0.00036941263391208,4.29358615037151e-06
"701","room",3.24728407468344e-06,6.95027909342148e-07,0.00036941263391208,3.24728407468344e-06
"702","ranch",3.19825465486542e-06,5.95738208007556e-07,0.00036941263391208,3.19825465486542e-06
"703","alcohol",2.60657052806601e-06,3.9715880533837e-07,0.00073882526782416,2.60657052806601e-06
"704","marinara",2.48430557833342e-06,7.44672760009444e-07,0.00036941263391208,2.48430557833342e-06
"705","expensive",1.7534874574975e-06,2.48224253336481e-07,0.00036941263391208,1.7534874574975e-06
"706","experience",1.75143932767205e-06,5.46093357340259e-07,0.00036941263391208,1.75143932767205e-06
"707","one",1.74554304113153e-06,3.9715880533837e-07,0.00036941263391208,1.74554304113153e-06
"708","how",1.57283838370831e-06,4.96448506672963e-07,0.00036941263391208,1.57283838370831e-06
"709","dishes",1.51864947957006e-06,3.9715880533837e-07,0.00036941263391208,1.51864947957006e-06
"710","eating",1.40391294278666e-06,3.47513954671074e-07,0.00036941263391208,1.40391294278666e-06
"711","ahead",1.16669501633995e-06,3.9715880533837e-07,0.00073882526782416,1.16669501633995e-06
"712","process",9.7904257839357e-07,6.95027909342148e-07,0.00036941263391208,9.7904257839357e-07
"713","anything",7.64334965769355e-07,2.97869104003778e-07,0.00036941263391208,7.64334965769355e-07
"714","half",6.9745933126616e-07,3.9715880533837e-07,0.00036941263391208,6.9745933126616e-07
"715","hot",4.07945036422295e-07,2.97869104003778e-07,0.00036941263391208,4.07945036422295e-07
